title,description,date,link
6/17 ~8:10AM at the Packards Corner Green Line B stop,,2025-06-17 07:46:07,https://www.reddit.com/r/LaMigra/comments/1ldm76o/617_810am_at_the_packards_corner_green_line_b_stop/
"Omaha, NE","As of 1 day ago. Glenn Valley Foods packing plant raid took place on 06/11, consistent reporting approximately 79 folks were detained. ICE is heavy in Omaha, 3 of their SUVs were seen leaving county jail today alone. Seems to be on good authority they will be here for at least the next week or 3. Stay safe. Stay vigilant. ",2025-06-14 00:33:49,https://www.reddit.com/r/LaMigra/comments/1lb13zi/omaha_ne/
homeland security in chino hills,parked at wells fargo on sequel canyon parkway,2025-06-06 15:14:46,https://www.reddit.com/r/LaMigra/comments/1l52a4x/homeland_security_in_chino_hills/
App in Development,,2025-05-14 20:40:49,https://www.reddit.com/r/LaMigra/comments/1kmwe43/app_in_development/
"Saw a border patrol van in New Port, VT",,2025-04-18 13:34:12,https://www.reddit.com/r/LaMigra/comments/1k2c4ko/saw_a_border_patrol_van_in_new_port_vt/
Public Safety ðŸš¨ #Terrorwatch #NoMoreStolenRelatives,,2025-04-13 15:42:03,https://www.reddit.com/r/LaMigra/comments/1jyhihe/public_safety_terrorwatch_nomorestolenrelatives/
"US Border Patrol Convoy downtown Louisville, KY",,2025-04-08 09:58:20,https://www.reddit.com/r/LaMigra/comments/1jufm47/us_border_patrol_convoy_downtown_louisville_ky/
ICE doesn't always look scary,Don't open doors! ,2025-04-08 09:47:11,https://www.reddit.com/r/LaMigra/comments/1jufcl8/ice_doesnt_always_look_scary/
Chelsea ICE Raids today,,2025-03-19 00:23:41,https://www.reddit.com/r/LaMigra/comments/1jepum5/chelsea_ice_raids_today/
Anyone else find this helpful or anything better?,"Has anyone else found this useful or anything better that might give an early warning?  I want to know if anyone has used the crisis feature and if it actually works...  I have been using the app for a week and am impressed with what it can detect -- 'nuff said.  

  
[https://play.google.com/store/apps/details?id=xxx.xorxecor.lookout5o](https://play.google.com/store/apps/details?id=xxx.xorxecor.lookout5o)",2025-03-18 22:16:26,https://www.reddit.com/r/LaMigra/comments/1jens21/anyone_else_find_this_helpful_or_anything_better/
ICE Spotting website,,2025-02-11 18:07:05,https://www.reddit.com/r/LaMigra/comments/1indmpd/ice_spotting_website/
