count,name
87,Autauga County
"1,796",Baldwin County
120,Barbour County
50,Bibb County
195,Blount County
87,Bullock County
45,Butler County
295,Calhoun County
"1,060",Chambers County
34,Cherokee County
253,Chilton County
6,Choctaw County
22,Clarke County
13,Clay County
23,Cleburne County
397,Coffee County
143,Colbert County
26,Conecuh County
9,Coosa County
93,Covington County
20,Crenshaw County
210,Cullman County
189,Dale County
17,Dallas County
654,DeKalb County
236,Elmore County
37,Escambia County
451,Etowah County
9,Fayette County
519,Franklin County
81,Geneva County
0,Greene County
24,Hale County
19,Henry County
491,Houston County
112,Jackson County
"4,937",Jefferson County
3,Lamar County
203,Lauderdale County
50,Lawrence County
"1,461",Lee County
714,Limestone County
3,Lowndes County
25,Macon County
"1,889",Madison County
39,Marengo County
72,Marion County
"2,237",Marshall County
"1,816",Mobile County
2,Monroe County
"2,097",Montgomery County
"1,221",Morgan County
6,Perry County
49,Pickens County
64,Pike County
46,Randolph County
164,Russell County
120,St. Clair County
"1,146",Shelby County
3,Sumter County
128,Talladega County
116,Tallapoosa County
838,Tuscaloosa County
200,Walker County
6,Washington County
5,Wilcox County
61,Winston County
1,Aleutians East Borough
4,Aleutians West Census Area
461,Anchorage Municipality
1,Bethel Census Area
1,Bristol Bay Borough
0,Denali Borough
0,Dillingham Census Area
73,Fairbanks North Star Borough
0,Haines Borough
0,Hoonah-Angoon Census Area
28,Juneau City and Borough
8,Kenai Peninsula Borough
4,Ketchikan Gateway Borough
8,Kodiak Island Borough
0,Kusilvak Census Area
0,Lake and Peninsula Borough
21,Matanuska-Susitna Borough
2,Nome Census Area
0,North Slope Borough
0,Northwest Arctic Borough
0,Petersburg Borough
0,Prince of Wales-Hyder Census Area
1,Sitka City and Borough
0,Skagway Municipality
0,Southeast Fairbanks Census Area
0,Valdez-Cordova Census Area
0,Wrangell City and Borough
0,Yakutat City and Borough
0,Yukon-Koyukuk Census Area
9,Apache County
42,Cochise County
250,Coconino County
59,Gila County
20,Graham County
0,Greenlee County
30,La Paz County
"26,680",Maricopa County
305,Mohave County
70,Navajo County
"1,355",Pima County
"2,405",Pinal County
26,Santa Cruz County
506,Yavapai County
162,Yuma County
38,Arkansas County
28,Ashley County
7,Baxter County
"2,099",Benton County
24,Boone County
85,Bradley County
1,Calhoun County
275,Carroll County
16,Chicot County
13,Clark County
0,Clay County
5,Cleburne County
6,Cleveland County
42,Columbia County
51,Conway County
273,Craighead County
138,Crawford County
107,Crittenden County
15,Cross County
5,Dallas County
9,Desha County
12,Drew County
518,Faulkner County
9,Franklin County
14,Fulton County
376,Garland County
22,Grant County
64,Greene County
109,Hempstead County
49,Hot Spring County
56,Howard County
336,Independence County
4,Izard County
8,Jackson County
106,Jefferson County
135,Johnson County
4,Lafayette County
12,Lawrence County
0,Lee County
4,Lincoln County
6,Little River County
17,Logan County
148,Lonoke County
69,Madison County
0,Marion County
107,Miller County
210,Mississippi County
5,Monroe County
15,Montgomery County
1,Nevada County
2,Newton County
16,Ouachita County
13,Perry County
3,Phillips County
12,Pike County
42,Poinsett County
32,Polk County
255,Pope County
2,Prairie County
"4,023",Pulaski County
9,Randolph County
14,St. Francis County
693,Saline County
37,Scott County
0,Searcy County
"1,059",Sebastian County
136,Sevier County
10,Sharp County
5,Stone County
71,Union County
20,Van Buren County
"2,634",Washington County
138,White County
3,Woodruff County
237,Yell County
"24,995",Alameda County
0,Alpine County
42,Amador County
603,Butte County
41,Calaveras County
206,Colusa County
"13,619",Contra Costa County
15,Del Norte County
435,El Dorado County
"23,434",Fresno County
286,Glenn County
246,Humboldt County
656,Imperial County
23,Inyo County
"8,867",Kern County
951,Kings County
741,Lake County
50,Lassen County
"111,245",Los Angeles County
"1,706",Madera County
"3,034",Marin County
43,Mariposa County
688,Mendocino County
"4,090",Merced County
47,Modoc County
33,Mono County
"3,716",Monterey County
"1,399",Napa County
159,Nevada County
"14,548",Orange County
"2,652",Placer County
32,Plumas County
"11,049",Riverside County
"21,456",Sacramento County
378,San Benito County
"12,279",San Bernardino County
"6,136",San Diego County
"11,811",San Francisco County
"12,155",San Joaquin County
"1,011",San Luis Obispo County
"16,079",San Mateo County
"2,821",Santa Barbara County
"36,078",Santa Clara County
"1,084",Santa Cruz County
368,Shasta County
11,Sierra County
110,Siskiyou County
"5,157",Solano County
"5,258",Sonoma County
"7,506",Stanislaus County
"1,409",Sutter County
614,Tehama County
0,Trinity County
"5,107",Tulare County
53,Tuolumne County
"4,157",Ventura County
"1,553",Yolo County
482,Yuba County
"12,722",Adams County
60,Alamosa County
"21,204",Arapahoe County
15,Archuleta County
0,Baca County
1,Bent County
"2,105",Boulder County
301,Broomfield County
150,Chaffee County
3,Cheyenne County
17,Clear Creek County
11,Conejos County
10,Costilla County
0,Crowley County
5,Custer County
47,Delta County
"21,042",Denver County
0,Dolores County
663,Douglas County
860,Eagle County
34,Elbert County
"3,331",El Paso County
6,Fremont County
"1,261",Garfield County
6,Gilpin County
87,Grand County
182,Gunnison County
0,Hinsdale County
4,Huerfano County
6,Jackson County
"4,101",Jefferson County
0,Kiowa County
11,Kit Carson County
63,Lake County
124,La Plata County
929,Larimer County
10,Las Animas County
7,Lincoln County
22,Logan County
412,Mesa County
0,Mineral County
111,Moffat County
30,Montezuma County
320,Montrose County
443,Morgan County
5,Otero County
10,Ouray County
14,Park County
12,Phillips County
82,Pitkin County
86,Prowers County
322,Pueblo County
5,Rio Blanco County
12,Rio Grande County
296,Routt County
39,Saguache County
2,San Juan County
17,San Miguel County
4,Sedgwick County
527,Summit County
42,Teller County
6,Washington County
"2,886",Weld County
55,Yuma County
"18,353",Fairfield County
"7,785",Hartford County
910,Litchfield County
553,Middlesex County
"9,674",New Haven County
"1,949",New London County
134,Tolland County
255,Windham County
"1,533",Kent County
"3,206",New Castle County
"4,180",Sussex County
"2,811",District of Columbia
"2,012",Alachua County
190,Baker County
"3,377",Bay County
36,Bradford County
"3,808",Brevard County
"51,626",Broward County
21,Calhoun County
"1,167",Charlotte County
169,Citrus County
"1,804",Clay County
"14,987",Collier County
289,Columbia County
684,DeSoto County
58,Dixie County
"22,555",Duval County
"2,949",Escambia County
914,Flagler County
104,Franklin County
470,Gadsden County
181,Gilchrist County
180,Glades County
36,Gulf County
144,Hamilton County
356,Hardee County
"1,323",Hendry County
"1,188",Hernando County
872,Highlands County
"37,376",Hillsborough County
51,Holmes County
"1,493",Indian River County
258,Jackson County
108,Jefferson County
57,Lafayette County
"3,539",Lake County
"23,980",Lee County
"1,670",Leon County
317,Levy County
55,Liberty County
63,Madison County
"9,642",Manatee County
"3,699",Marion County
"2,244",Martin County
"152,771",Miami-Dade County
"4,061",Monroe County
313,Nassau County
"3,731",Okaloosa County
498,Okeechobee County
"50,263",Orange County
"16,119",Osceola County
"45,403",Palm Beach County
"4,124",Pasco County
"6,203",Pinellas County
"12,347",Polk County
366,Putnam County
907,St. Johns County
"7,015",St. Lucie County
456,Santa Rosa County
"6,215",Sarasota County
"4,458",Seminole County
480,Sumter County
537,Suwannee County
60,Taylor County
49,Union County
"3,135",Volusia County
51,Wakulla County
"1,606",Walton County
42,Washington County
117,Appling County
118,Atkinson County
73,Bacon County
8,Baker County
184,Baldwin County
171,Banks County
916,Barrow County
980,Bartow County
48,Ben Hill County
56,Berrien County
686,Bibb County
8,Bleckley County
36,Brantley County
108,Brooks County
137,Bryan County
162,Bulloch County
30,Burke County
47,Butts County
6,Calhoun County
23,Camden County
49,Candler County
936,Carroll County
131,Catoosa County
551,Charlton County
"4,888",Chatham County
5,Chattahoochee County
45,Chattooga County
"2,013",Cherokee County
"1,359",Clarke County
0,Clay County
"4,230",Clayton County
17,Clinch County
"10,900",Cobb County
389,Coffee County
655,Colquitt County
395,Columbia County
60,Cook County
662,Coweta County
30,Crawford County
131,Crisp County
13,Dade County
107,Dawson County
67,Decatur County
"12,902",DeKalb County
38,Dodge County
87,Dooly County
258,Dougherty County
"1,101",Douglas County
11,Early County
20,Echols County
295,Effingham County
97,Elbert County
61,Emanuel County
249,Evans County
34,Fannin County
422,Fayette County
625,Floyd County
"1,251",Forsyth County
107,Franklin County
"8,454",Fulton County
235,Gilmer County
0,Glascock County
"1,022",Glynn County
604,Gordon County
302,Grady County
122,Greene County
"27,852",Gwinnett County
547,Habersham County
"5,076",Hall County
5,Hancock County
30,Haralson County
42,Harris County
104,Hart County
9,Heard County
"1,138",Henry County
830,Houston County
19,Irwin County
502,Jackson County
39,Jasper County
97,Jeff Davis County
36,Jefferson County
13,Jenkins County
1,Johnson County
31,Jones County
19,Lamar County
15,Lanier County
115,Laurens County
54,Lee County
134,Liberty County
8,Lincoln County
55,Long County
483,Lowndes County
83,Lumpkin County
38,McDuffie County
7,McIntosh County
76,Macon County
126,Madison County
9,Marion County
20,Meriwether County
3,Miller County
69,Mitchell County
44,Monroe County
15,Montgomery County
59,Morgan County
267,Murray County
993,Muscogee County
436,Newton County
115,Oconee County
57,Oglethorpe County
645,Paulding County
103,Peach County
40,Pickens County
72,Pierce County
20,Pike County
386,Polk County
23,Pulaski County
151,Putnam County
0,Quitman County
100,Rabun County
8,Randolph County
651,Richmond County
613,Rockdale County
1,Schley County
13,Screven County
10,Seminole County
317,Spalding County
61,Stephens County
"1,409",Stewart County
350,Sumter County
2,Talbot County
4,Taliaferro County
283,Tattnall County
0,Taylor County
19,Telfair County
2,Terrell County
78,Thomas County
174,Tift County
115,Toombs County
14,Towns County
9,Treutlen County
918,Troup County
27,Turner County
7,Twiggs County
37,Union County
54,Upson County
178,Walker County
384,Walton County
242,Ware County
4,Warren County
3,Washington County
86,Wayne County
0,Webster County
11,Wheeler County
24,White County
"1,804",Whitfield County
13,Wilcox County
43,Wilkes County
5,Wilkinson County
23,Worth County
146,Hawaii County
885,Honolulu County
0,Kalawao County
60,Kauai County
219,Maui County
"3,155",Ada County
4,Adams County
76,Bannock County
14,Bear Lake County
0,Benewah County
237,Bingham County
"1,258",Blaine County
5,Boise County
1,Bonner County
611,Bonneville County
3,Boundary County
0,Butte County
8,Camas County
"2,801",Canyon County
27,Caribou County
383,Cassia County
12,Clark County
0,Clearwater County
0,Custer County
112,Elmore County
78,Franklin County
118,Fremont County
129,Gem County
439,Gooding County
0,Idaho County
171,Jefferson County
805,Jerome County
107,Kootenai County
12,Latah County
8,Lemhi County
4,Lewis County
207,Lincoln County
104,Madison County
302,Minidoka County
6,Nez Perce County
0,Oneida County
89,Owyhee County
118,Payette County
41,Power County
0,Shoshone County
400,Teton County
480,Twin Falls County
121,Valley County
66,Washington County
69,Adams County
0,Alexander County
1,Bond County
472,Boone County
1,Brown County
178,Bureau County
11,Calhoun County
7,Carroll County
267,Cass County
"1,933",Champaign County
11,Christian County
15,Clark County
9,Clay County
77,Clinton County
184,Coles County
"113,717",Cook County
11,Crawford County
0,Cumberland County
387,DeKalb County
10,De Witt County
65,Douglas County
"11,429",DuPage County
10,Edgar County
17,Edwards County
153,Effingham County
11,Fayette County
35,Ford County
22,Franklin County
3,Fulton County
0,Gallatin County
0,Greene County
149,Grundy County
2,Hamilton County
6,Hancock County
0,Hardin County
1,Henderson County
47,Henry County
44,Iroquois County
142,Jackson County
8,Jasper County
41,Jefferson County
9,Jersey County
55,Jo Daviess County
2,Johnson County
"9,866",Kane County
684,Kankakee County
589,Kendall County
77,Knox County
"7,293",Lake County
371,LaSalle County
8,Lawrence County
26,Lee County
88,Livingston County
14,Logan County
11,McDonough County
"1,554",McHenry County
898,McLean County
193,Macon County
10,Macoupin County
627,Madison County
46,Marion County
7,Marshall County
7,Mason County
14,Massac County
0,Menard County
1,Mercer County
8,Monroe County
13,Montgomery County
72,Morgan County
9,Moultrie County
174,Ogle County
888,Peoria County
29,Perry County
4,Piatt County
4,Pike County
1,Pope County
1,Pulaski County
0,Putnam County
115,Randolph County
9,Richland County
738,Rock Island County
563,St. Clair County
49,Saline County
274,Sangamon County
11,Schuyler County
0,Scott County
1,Shelby County
0,Stark County
306,Stephenson County
55,Tazewell County
23,Union County
113,Vermilion County
17,Wabash County
68,Warren County
20,Washington County
13,Wayne County
10,White County
72,Whiteside County
"6,893",Will County
72,Williamson County
"2,144",Winnebago County
12,Woodford County
26,Adams County
"3,617",Allen County
"1,070",Bartholomew County
54,Benton County
15,Blackford County
245,Boone County
30,Brown County
43,Carroll County
"1,329",Cass County
986,Clark County
239,Clay County
611,Clinton County
9,Crawford County
901,Daviess County
27,Dearborn County
46,Decatur County
109,DeKalb County
100,Delaware County
807,Dubois County
"3,718",Elkhart County
8,Fayette County
214,Floyd County
36,Fountain County
11,Franklin County
18,Fulton County
98,Gibson County
152,Grant County
9,Greene County
"3,776",Hamilton County
316,Hancock County
79,Harrison County
"1,826",Hendricks County
38,Henry County
135,Howard County
208,Huntington County
"1,465",Jackson County
166,Jasper County
106,Jay County
77,Jefferson County
92,Jennings County
"1,414",Johnson County
207,Knox County
583,Kosciusko County
58,LaGrange County
"2,193",Lake County
334,LaPorte County
28,Lawrence County
619,Madison County
"37,680",Marion County
368,Marshall County
2,Martin County
119,Miami County
475,Monroe County
398,Montgomery County
226,Morgan County
56,Newton County
284,Noble County
1,Ohio County
12,Orange County
19,Owen County
18,Parke County
31,Perry County
10,Pike County
172,Porter County
26,Posey County
9,Pulaski County
28,Putnam County
200,Randolph County
25,Ripley County
15,Rush County
"1,224",St. Joseph County
65,Scott County
303,Shelby County
25,Spencer County
12,Starke County
128,Steuben County
4,Sullivan County
6,Switzerland County
"1,185",Tippecanoe County
21,Tipton County
3,Union County
"2,403",Vanderburgh County
1,Vermillion County
252,Vigo County
63,Wabash County
18,Warren County
107,Warrick County
27,Washington County
255,Wayne County
140,Wells County
353,White County
10,Whitley County
25,Adair County
5,Adams County
333,Allamakee County
4,Appanoose County
0,Audubon County
7,Benton County
866,Black Hawk County
33,Boone County
38,Bremer County
4,Buchanan County
546,Buena Vista County
1,Butler County
1,Calhoun County
43,Carroll County
22,Cass County
25,Cedar County
72,Cerro Gordo County
30,Cherokee County
65,Chickasaw County
296,Clarke County
83,Clay County
84,Clayton County
56,Clinton County
510,Crawford County
701,Dallas County
0,Davis County
12,Decatur County
13,Delaware County
30,Des Moines County
35,Dickinson County
157,Dubuque County
129,Emmet County
32,Fayette County
45,Floyd County
244,Franklin County
0,Fremont County
19,Greene County
7,Grundy County
14,Guthrie County
398,Hamilton County
48,Hancock County
25,Hardin County
5,Harrison County
107,Henry County
40,Howard County
75,Humboldt County
15,Ida County
8,Iowa County
0,Jackson County
55,Jasper County
28,Jefferson County
"1,264",Johnson County
27,Jones County
5,Keokuk County
201,Kossuth County
44,Lee County
"1,038",Linn County
53,Louisa County
36,Lucas County
72,Lyon County
9,Madison County
20,Mahaska County
10,Marion County
500,Marshall County
1,Mills County
0,Mitchell County
1,Monona County
3,Monroe County
6,Montgomery County
278,Muscatine County
167,O'Brien County
55,Osceola County
8,Page County
12,Palo Alto County
74,Plymouth County
29,Pocahontas County
"5,666",Polk County
425,Pottawattamie County
41,Poweshiek County
0,Ringgold County
15,Sac County
249,Scott County
35,Shelby County
814,Sioux County
262,Story County
169,Tama County
29,Taylor County
29,Union County
0,Van Buren County
592,Wapello County
104,Warren County
112,Washington County
0,Wayne County
200,Webster County
24,Winnebago County
82,Winneshiek County
"1,691",Woodbury County
0,Worth County
556,Wright County
16,Allen County
0,Anderson County
9,Atchison County
0,Barber County
133,Barton County
0,Bourbon County
14,Brown County
42,Butler County
55,Chase County
4,Chautauqua County
12,Cherokee County
6,Cheyenne County
6,Clark County
5,Clay County
3,Cloud County
0,Coffey County
7,Comanche County
256,Cowley County
307,Crawford County
16,Decatur County
7,Dickinson County
0,Doniphan County
102,Douglas County
1,Edwards County
0,Elk County
138,Ellis County
0,Ellsworth County
994,Finney County
"1,584",Ford County
25,Franklin County
112,Geary County
4,Gove County
0,Graham County
135,Grant County
18,Gray County
16,Greeley County
0,Greenwood County
101,Hamilton County
44,Harper County
127,Harvey County
7,Haskell County
0,Hodgeman County
18,Jackson County
5,Jefferson County
0,Jewell County
"4,691",Johnson County
70,Kearny County
1,Kingman County
7,Kiowa County
17,Labette County
0,Lane County
81,Leavenworth County
29,Lincoln County
6,Linn County
17,Logan County
346,Lyon County
45,McPherson County
3,Marion County
10,Marshall County
21,Meade County
28,Miami County
4,Mitchell County
273,Montgomery County
4,Morris County
27,Morton County
12,Nemaha County
54,Neosho County
5,Ness County
0,Norton County
10,Osage County
0,Osborne County
2,Ottawa County
9,Pawnee County
3,Phillips County
30,Pottawatomie County
38,Pratt County
7,Rawlins County
116,Reno County
0,Republic County
20,Rice County
245,Riley County
2,Rooks County
0,Rush County
1,Russell County
327,Saline County
42,Scott County
"4,467",Sedgwick County
773,Seward County
820,Shawnee County
7,Sheridan County
9,Sherman County
0,Smith County
1,Stafford County
40,Stanton County
65,Stevens County
13,Sumner County
56,Thomas County
0,Trego County
1,Wabaunsee County
0,Wallace County
38,Washington County
4,Wichita County
2,Wilson County
0,Woodson County
"5,523",Wyandotte County
47,Adair County
18,Allen County
103,Anderson County
3,Ballard County
177,Barren County
9,Bath County
22,Bell County
"1,647",Boone County
129,Bourbon County
22,Boyd County
95,Boyle County
0,Bracken County
1,Breathitt County
22,Breckinridge County
495,Bullitt County
138,Butler County
2,Caldwell County
98,Calloway County
260,Campbell County
6,Carlisle County
135,Carroll County
14,Carter County
51,Casey County
158,Christian County
228,Clark County
3,Clay County
18,Clinton County
0,Crittenden County
5,Cumberland County
784,Daviess County
49,Edmonson County
0,Elliott County
3,Estill County
"5,201",Fayette County
8,Fleming County
20,Floyd County
408,Franklin County
5,Fulton County
31,Gallatin County
34,Garrard County
74,Grant County
341,Graves County
54,Grayson County
31,Green County
10,Greenup County
3,Hancock County
269,Hardin County
5,Harlan County
6,Harrison County
14,Hart County
298,Henderson County
54,Henry County
8,Hickman County
119,Hopkins County
1,Jackson County
"21,318",Jefferson County
174,Jessamine County
6,Johnson County
"1,686",Kenton County
1,Knott County
33,Knox County
56,Larue County
138,Laurel County
0,Lawrence County
4,Lee County
0,Leslie County
2,Letcher County
0,Lewis County
42,Lincoln County
16,Livingston County
93,Logan County
13,Lyon County
194,McCracken County
3,McCreary County
10,McLean County
319,Madison County
3,Magoffin County
174,Marion County
22,Marshall County
0,Martin County
22,Mason County
28,Meade County
0,Menifee County
49,Mercer County
19,Metcalfe County
46,Monroe County
116,Montgomery County
7,Morgan County
50,Muhlenberg County
125,Nelson County
8,Nicholas County
177,Ohio County
261,Oldham County
19,Owen County
0,Owsley County
14,Pendleton County
13,Perry County
10,Pike County
16,Powell County
344,Pulaski County
0,Robertson County
10,Rockcastle County
19,Rowan County
163,Russell County
398,Scott County
909,Shelby County
102,Simpson County
33,Spencer County
38,Taylor County
51,Todd County
3,Trigg County
3,Trimble County
9,Union County
"2,075",Warren County
54,Washington County
91,Wayne County
136,Webster County
52,Whitley County
4,Wolfe County
204,Woodford County
261,Acadia Parish
153,Allen Parish
678,Ascension Parish
45,Assumption Parish
18,Avoyelles Parish
27,Beauregard Parish
38,Bienville Parish
928,Bossier Parish
585,Caddo Parish
"1,075",Calcasieu Parish
1,Caldwell Parish
49,Cameron Parish
6,Catahoula Parish
5,Claiborne Parish
300,Concordia Parish
19,De Soto Parish
"3,902",East Baton Rouge Parish
0,East Carroll Parish
23,East Feliciana Parish
663,Evangeline Parish
1,Franklin Parish
35,Grant Parish
165,Iberia Parish
42,Iberville Parish
"1,084",Jackson Parish
"10,805",Jefferson Parish
39,Jefferson Davis Parish
"1,876",Lafayette Parish
399,Lafourche Parish
777,LaSalle Parish
144,Lincoln Parish
846,Livingston Parish
1,Madison Parish
9,Morehouse Parish
35,Natchitoches Parish
"3,617",Orleans Parish
"1,446",Ouachita Parish
71,Plaquemines Parish
25,Pointe Coupee Parish
392,Rapides Parish
4,Red River Parish
6,Richland Parish
11,Sabine Parish
866,St. Bernard Parish
210,St. Charles Parish
23,St. Helena Parish
10,St. James Parish
271,St. John the Baptist Parish
123,St. Landry Parish
138,St. Martin Parish
430,St. Mary Parish
"1,051",St. Tammany Parish
455,Tangipahoa Parish
3,Tensas Parish
861,Terrebonne Parish
105,Union Parish
143,Vermilion Parish
50,Vernon Parish
80,Washington Parish
10,Webster Parish
100,West Baton Rouge Parish
1,West Carroll Parish
9,West Feliciana Parish
"1,070",Winn Parish
"1,679",Androscoggin County
25,Aroostook County
"5,135",Cumberland County
9,Franklin County
30,Hancock County
125,Kennebec County
23,Knox County
16,Lincoln County
8,Oxford County
119,Penobscot County
5,Piscataquis County
26,Sagadahoc County
43,Somerset County
14,Waldo County
5,Washington County
878,York County
48,Allegany County
"3,205",Anne Arundel County
"6,146",Baltimore County
37,Calvert County
344,Caroline County
383,Carroll County
259,Cecil County
537,Charles County
104,Dorchester County
"1,545",Frederick County
5,Garrett County
642,Harford County
"1,512",Howard County
48,Kent County
"8,764",Montgomery County
"12,142",Prince George's County
202,Queen Anne's County
168,St. Mary's County
74,Somerset County
346,Talbot County
907,Washington County
"3,345",Wicomico County
350,Worcester County
"7,226",Baltimore city
"3,792",Barnstable County
"1,041",Berkshire County
"8,092",Bristol County
807,Dukes County
"15,552",Essex County
130,Franklin County
"3,486",Hampden County
288,Hampshire County
"32,637",Middlesex County
385,Nantucket County
"7,699",Norfolk County
"9,874",Plymouth County
"27,491",Suffolk County
"12,728",Worcester County
0,Alcona County
0,Alger County
190,Allegan County
2,Alpena County
4,Antrim County
2,Arenac County
0,Baraga County
32,Barry County
11,Bay County
6,Benzie County
304,Berrien County
445,Branch County
199,Calhoun County
29,Cass County
10,Charlevoix County
2,Cheboygan County
24,Chippewa County
6,Clare County
63,Clinton County
7,Crawford County
7,Delta County
1,Dickinson County
208,Eaton County
14,Emmet County
466,Genesee County
13,Gladwin County
2,Gogebic County
63,Grand Traverse County
40,Gratiot County
9,Hillsdale County
1,Houghton County
7,Huron County
828,Ingham County
37,Ionia County
17,Iosco County
0,Iron County
47,Isabella County
107,Jackson County
406,Kalamazoo County
10,Kalkaska County
"2,909",Kent County
0,Keweenaw County
0,Lake County
62,Lapeer County
4,Leelanau County
64,Lenawee County
74,Livingston County
3,Luce County
7,Mackinac County
"2,791",Macomb County
6,Manistee County
4,Marquette County
7,Mason County
4,Mecosta County
20,Menominee County
33,Midland County
30,Missaukee County
120,Monroe County
17,Montcalm County
0,Montmorency County
254,Muskegon County
30,Newaygo County
"5,365",Oakland County
81,Oceana County
3,Ogemaw County
0,Ontonagon County
9,Osceola County
0,Oscoda County
11,Otsego County
906,Ottawa County
0,Presque Isle County
4,Roscommon County
172,Saginaw County
77,St. Clair County
190,St. Joseph County
13,Sanilac County
0,Schoolcraft County
12,Shiawassee County
22,Tuscola County
227,Van Buren County
"1,155",Washtenaw County
"13,153",Wayne County
8,Wexford County
0,Aitkin County
"2,415",Anoka County
14,Becker County
14,Beltrami County
40,Benton County
20,Big Stone County
52,Blue Earth County
7,Brown County
7,Carlton County
251,Carver County
7,Cass County
150,Chippewa County
28,Chisago County
144,Clay County
0,Clearwater County
0,Cook County
63,Cottonwood County
6,Crow Wing County
"3,347",Dakota County
21,Dodge County
21,Douglas County
9,Faribault County
4,Fillmore County
68,Freeborn County
102,Goodhue County
15,Grant County
"16,434",Hennepin County
18,Houston County
28,Hubbard County
19,Isanti County
3,Itasca County
23,Jackson County
3,Kanabec County
500,Kandiyohi County
16,Kittson County
0,Koochiching County
24,Lac qui Parle County
5,Lake County
0,Lake of the Woods County
70,Le Sueur County
5,Lincoln County
175,Lyon County
111,McLeod County
4,Mahnomen County
1,Marshall County
65,Martin County
45,Meeker County
10,Mille Lacs County
11,Morrison County
292,Mower County
19,Murray County
57,Nicollet County
603,Nobles County
1,Norman County
389,Olmsted County
131,Otter Tail County
34,Pennington County
13,Pine County
98,Pipestone County
58,Polk County
7,Pope County
"4,316",Ramsey County
3,Red Lake County
10,Redwood County
16,Renville County
637,Rice County
19,Rock County
14,Roseau County
56,St. Louis County
868,Scott County
135,Sherburne County
49,Sibley County
784,Stearns County
198,Steele County
36,Stevens County
18,Swift County
124,Todd County
3,Traverse County
32,Wabasha County
11,Wadena County
32,Waseca County
498,Washington County
142,Watonwan County
1,Wilkin County
81,Winona County
224,Wright County
27,Yellow Medicine County
"1,888",Adams County
147,Alcorn County
8,Amite County
7,Attala County
10,Benton County
38,Bolivar County
26,Calhoun County
5,Carroll County
31,Chickasaw County
7,Choctaw County
3,Claiborne County
8,Clarke County
12,Clay County
67,Coahoma County
156,Copiah County
16,Covington County
807,DeSoto County
242,Forrest County
1,Franklin County
17,George County
9,Greene County
19,Grenada County
93,Hancock County
"1,385",Harrison County
933,Hinds County
1,Holmes County
36,Humphreys County
5,Issaquena County
23,Itawamba County
343,Jackson County
7,Jasper County
43,Jefferson County
2,Jefferson Davis County
421,Jones County
2,Kemper County
270,Lafayette County
90,Lamar County
148,Lauderdale County
22,Lawrence County
122,Leake County
363,Lee County
47,Leflore County
46,Lincoln County
104,Lowndes County
661,Madison County
34,Marion County
141,Marshall County
28,Monroe County
1,Montgomery County
16,Neshoba County
10,Newton County
19,Noxubee County
75,Oktibbeha County
35,Panola County
152,Pearl River County
7,Perry County
92,Pike County
304,Pontotoc County
23,Prentiss County
1,Quitman County
453,Rankin County
447,Scott County
0,Sharkey County
21,Simpson County
44,Smith County
16,Stone County
24,Sunflower County
0,Tallahatchie County
25,Tate County
107,Tippah County
30,Tishomingo County
20,Tunica County
82,Union County
12,Walthall County
24,Warren County
50,Washington County
99,Wayne County
0,Webster County
10,Wilkinson County
20,Winston County
6,Yalobusha County
17,Yazoo County
61,Adair County
34,Andrew County
0,Atchison County
42,Audrain County
204,Barry County
0,Barton County
2,Bates County
2,Benton County
6,Bollinger County
496,Boone County
861,Buchanan County
16,Butler County
1,Caldwell County
28,Callaway County
120,Camden County
155,Cape Girardeau County
0,Carroll County
14,Carter County
229,Cass County
4,Cedar County
0,Chariton County
148,Christian County
4,Clark County
"1,096",Clay County
14,Clinton County
166,Cole County
5,Cooper County
9,Crawford County
0,Dade County
3,Dallas County
0,Daviess County
5,DeKalb County
14,Dent County
6,Douglas County
61,Dunklin County
59,Franklin County
1,Gasconade County
0,Gentry County
"1,021",Greene County
4,Grundy County
4,Harrison County
7,Henry County
0,Hickory County
0,Holt County
2,Howard County
27,Howell County
7,Iron County
"9,252",Jackson County
925,Jasper County
163,Jefferson County
22,Johnson County
0,Knox County
16,Laclede County
43,Lafayette County
119,Lawrence County
0,Lewis County
94,Lincoln County
16,Linn County
8,Livingston County
205,McDonald County
10,Macon County
14,Madison County
1,Maries County
17,Marion County
0,Mercer County
26,Miller County
1,Mississippi County
25,Moniteau County
1,Monroe County
1,Montgomery County
0,Morgan County
11,New Madrid County
348,Newton County
8,Nodaway County
0,Oregon County
0,Osage County
0,Ozark County
12,Pemiscot County
47,Perry County
337,Pettis County
47,Phelps County
10,Pike County
486,Platte County
49,Polk County
9,Pulaski County
0,Putnam County
5,Ralls County
21,Randolph County
13,Ray County
1,Reynolds County
0,Ripley County
"1,088",St. Charles County
5,St. Clair County
41,Ste. Genevieve County
21,St. Francois County
"5,155",St. Louis County
116,Saline County
0,Schuyler County
0,Scotland County
48,Scott County
3,Shannon County
4,Shelby County
19,Stoddard County
55,Stone County
107,Sullivan County
635,Taney County
1,Texas County
7,Vernon County
102,Warren County
19,Washington County
1,Wayne County
10,Webster County
0,Worth County
2,Wright County
"3,594",St. Louis city
0,Beaverhead County
4,Big Horn County
0,Blaine County
0,Broadwater County
7,Carbon County
0,Carter County
48,Cascade County
0,Chouteau County
3,Custer County
0,Daniels County
0,Dawson County
0,Deer Lodge County
0,Fallon County
0,Fergus County
201,Flathead County
980,Gallatin County
0,Garfield County
0,Glacier County
0,Golden Valley County
0,Granite County
0,Hill County
0,Jefferson County
3,Judith Basin County
12,Lake County
35,Lewis and Clark County
0,Liberty County
2,Lincoln County
0,McCone County
8,Madison County
0,Meagher County
0,Mineral County
70,Missoula County
0,Musselshell County
16,Park County
0,Petroleum County
0,Phillips County
2,Pondera County
0,Powder River County
0,Powell County
0,Prairie County
0,Ravalli County
2,Richland County
0,Roosevelt County
0,Rosebud County
0,Sanders County
0,Sheridan County
3,Silver Bow County
0,Stillwater County
2,Sweet Grass County
0,Teton County
1,Toole County
0,Treasure County
0,Valley County
0,Wheatland County
0,Wibaux County
244,Yellowstone County
268,Adams County
9,Antelope County
0,Arthur County
0,Banner County
0,Blaine County
7,Boone County
9,Box Butte County
9,Boyd County
2,Brown County
0,Buffalo County
7,Burt County
32,Butler County
19,Cass County
9,Cedar County
12,Chase County
11,Cherry County
15,Cheyenne County
38,Clay County
662,Colfax County
54,Cuming County
43,Custer County
598,Dakota County
3,Dawes County
781,Dawson County
0,Deuel County
109,Dixon County
"1,040",Dodge County
"9,918",Douglas County
0,Dundy County
1,Fillmore County
0,Franklin County
1,Frontier County
9,Furnas County
154,Gage County
0,Garden County
0,Garfield County
9,Gosper County
0,Grant County
0,Greeley County
"2,472",Hall County
5,Hamilton County
38,Harlan County
0,Hayes County
0,Hitchcock County
41,Holt County
0,Hooker County
7,Howard County
60,Jefferson County
21,Johnson County
290,Kearney County
7,Keith County
2,Keya Paha County
1,Kimball County
22,Knox County
"2,320",Lancaster County
121,Lincoln County
0,Logan County
0,Loup County
0,McPherson County
627,Madison County
63,Merrick County
10,Morrill County
3,Nance County
1,Nemaha County
6,Nuckolls County
99,Otoe County
4,Pawnee County
1,Perkins County
0,Phelps County
12,Pierce County
"1,158",Platte County
33,Polk County
14,Red Willow County
2,Richardson County
0,Rock County
669,Saline County
867,Sarpy County
77,Saunders County
477,Scotts Bluff County
12,Seward County
11,Sheridan County
0,Sherman County
1,Sioux County
62,Stanton County
0,Thayer County
0,Thomas County
12,Thurston County
2,Valley County
16,Washington County
191,Wayne County
8,Webster County
0,Wheeler County
81,York County
18,Churchill County
"19,786",Clark County
42,Douglas County
41,Elko County
7,Esmeralda County
0,Eureka County
15,Humboldt County
1,Lander County
4,Lincoln County
69,Lyon County
2,Mineral County
310,Nye County
3,Pershing County
7,Storey County
"2,660",Washoe County
4,White Pine County
236,Carson City
9,Belknap County
39,Carroll County
88,Cheshire County
111,Coos County
79,Grafton County
"2,355",Hillsborough County
95,Merrimack County
205,Rockingham County
271,Strafford County
52,Sullivan County
"3,847",Atlantic County
"12,743",Bergen County
"6,829",Burlington County
"5,917",Camden County
391,Cape May County
"3,748",Cumberland County
"42,426",Essex County
"1,069",Gloucester County
"21,946",Hudson County
710,Hunterdon County
"15,480",Mercer County
"13,714",Middlesex County
"8,466",Monmouth County
"6,974",Morris County
"7,169",Ocean County
"18,582",Passaic County
853,Salem County
"6,364",Somerset County
614,Sussex County
"25,508",Union County
944,Warren County
"2,354",Bernalillo County
0,Catron County
124,Chaves County
153,Cibola County
1,Colfax County
78,Curry County
0,De Baca County
590,Do√±a Ana County
254,Eddy County
14,Grant County
4,Guadalupe County
0,Harding County
0,Hidalgo County
347,Lea County
15,Lincoln County
3,Los Alamos County
24,Luna County
2,McKinley County
0,Mora County
266,Otero County
4,Quay County
18,Rio Arriba County
24,Roosevelt County
138,Sandoval County
71,San Juan County
4,San Miguel County
500,Santa Fe County
8,Sierra County
9,Socorro County
31,Taos County
522,Torrance County
1,Union County
96,Valencia County
"2,740",Albany County
13,Allegany County
"39,722",Bronx County
475,Broome County
13,Cattaraugus County
122,Cayuga County
124,Chautauqua County
40,Chemung County
19,Chenango County
71,Clinton County
195,Columbia County
54,Cortland County
42,Delaware County
"1,627",Dutchess County
"2,339",Erie County
48,Essex County
42,Franklin County
50,Fulton County
380,Genesee County
109,Greene County
0,Hamilton County
26,Herkimer County
74,Jefferson County
"86,740",Kings County
9,Lewis County
21,Livingston County
71,Madison County
"2,095",Monroe County
67,Montgomery County
"15,870",Nassau County
"33,234",New York County
238,Niagara County
307,Oneida County
"1,145",Onondaga County
78,Ontario County
"4,462",Orange County
92,Orleans County
58,Oswego County
18,Otsego County
706,Putnam County
"108,733",Queens County
390,Rensselaer County
"7,214",Richmond County
"6,780",Rockland County
33,St. Lawrence County
198,Saratoga County
312,Schenectady County
7,Schoharie County
5,Schuyler County
28,Seneca County
14,Steuben County
"19,082",Suffolk County
659,Sullivan County
26,Tioga County
91,Tompkins County
641,Ulster County
34,Warren County
43,Washington County
114,Wayne County
"10,624",Westchester County
54,Wyoming County
18,Yates County
"1,454",Alamance County
54,Alexander County
67,Alleghany County
96,Anson County
33,Ashe County
70,Avery County
142,Beaufort County
23,Bertie County
173,Bladen County
702,Brunswick County
"1,660",Buncombe County
439,Burke County
"1,892",Cabarrus County
376,Caldwell County
0,Camden County
83,Carteret County
54,Caswell County
596,Catawba County
577,Chatham County
20,Cherokee County
64,Chowan County
35,Clay County
284,Cleveland County
134,Columbus County
207,Craven County
"1,577",Cumberland County
147,Currituck County
283,Dare County
"1,009",Davidson County
233,Davie County
"1,107",Duplin County
"4,644",Durham County
200,Edgecombe County
"3,672",Forsyth County
365,Franklin County
"2,781",Gaston County
9,Gates County
9,Graham County
290,Granville County
114,Greene County
"3,553",Guilford County
180,Halifax County
907,Harnett County
127,Haywood County
"1,083",Henderson County
40,Hertford County
513,Hoke County
9,Hyde County
"1,382",Iredell County
270,Jackson County
"2,201",Johnston County
15,Jones County
833,Lee County
237,Lenoir County
282,Lincoln County
252,McDowell County
209,Macon County
9,Madison County
102,Martin County
"22,234",Mecklenburg County
50,Mitchell County
177,Montgomery County
298,Moore County
512,Nash County
"1,731",New Hanover County
38,Northampton County
308,Onslow County
787,Orange County
5,Pamlico County
159,Pasquotank County
237,Pender County
6,Perquimans County
184,Person County
857,Pitt County
36,Polk County
816,Randolph County
263,Richmond County
"1,809",Robeson County
345,Rockingham County
"1,126",Rowan County
165,Rutherford County
"1,129",Sampson County
61,Scotland County
203,Stanly County
38,Stokes County
459,Surry County
55,Swain County
87,Transylvania County
7,Tyrrell County
"1,908",Union County
286,Vance County
"10,986",Wake County
37,Warren County
20,Washington County
102,Watauga County
"2,062",Wayne County
393,Wilkes County
517,Wilson County
216,Yadkin County
88,Yancey County
20,Adams County
3,Barnes County
0,Benson County
0,Billings County
0,Bottineau County
11,Bowman County
0,Burke County
193,Burleigh County
558,Cass County
0,Cavalier County
0,Dickey County
0,Divide County
4,Dunn County
5,Eddy County
0,Emmons County
0,Foster County
0,Golden Valley County
344,Grand Forks County
0,Grant County
0,Griggs County
1,Hettinger County
1,Kidder County
3,LaMoure County
4,Logan County
3,McHenry County
0,McIntosh County
86,McKenzie County
3,McLean County
16,Mercer County
40,Morton County
84,Mountrail County
0,Nelson County
0,Oliver County
2,Pembina County
0,Pierce County
3,Ramsey County
6,Ransom County
0,Renville County
9,Richland County
0,Rolette County
1,Sargent County
0,Sheridan County
0,Sioux County
1,Slope County
196,Stark County
0,Steele County
18,Stutsman County
0,Towner County
19,Traill County
29,Walsh County
95,Ward County
5,Wells County
374,Williams County
4,Adams County
550,Allen County
22,Ashland County
67,Ashtabula County
8,Athens County
36,Auglaize County
14,Belmont County
13,Brown County
"3,209",Butler County
14,Carroll County
7,Champaign County
"3,511",Clark County
451,Clermont County
35,Clinton County
71,Columbiana County
22,Coshocton County
7,Crawford County
"3,612",Cuyahoga County
20,Darke County
63,Defiance County
599,Delaware County
321,Erie County
550,Fairfield County
55,Fayette County
"22,037",Franklin County
131,Fulton County
19,Gallia County
55,Geauga County
238,Greene County
8,Guernsey County
"8,742",Hamilton County
465,Hancock County
53,Hardin County
0,Harrison County
70,Henry County
6,Highland County
2,Hocking County
25,Holmes County
213,Huron County
6,Jackson County
7,Jefferson County
20,Knox County
474,Lake County
22,Lawrence County
274,Licking County
94,Logan County
214,Lorain County
660,Lucas County
62,Madison County
371,Mahoning County
150,Marion County
108,Medina County
0,Meigs County
32,Mercer County
165,Miami County
0,Monroe County
"3,043",Montgomery County
1,Morgan County
16,Morrow County
18,Muskingum County
1,Noble County
9,Ottawa County
7,Paulding County
6,Perry County
80,Pickaway County
15,Pike County
97,Portage County
9,Preble County
51,Putnam County
80,Richland County
15,Ross County
67,Sandusky County
38,Scioto County
49,Seneca County
188,Shelby County
869,Stark County
"1,103",Summit County
128,Trumbull County
506,Tuscarawas County
347,Union County
12,Van Wert County
0,Vinton County
"1,206",Warren County
18,Washington County
226,Wayne County
224,Williams County
83,Wood County
53,Wyandot County
22,Adair County
12,Alfalfa County
3,Atoka County
19,Beaver County
28,Beckham County
25,Blaine County
103,Bryan County
56,Caddo County
602,Canadian County
182,Carter County
38,Cherokee County
8,Choctaw County
19,Cimarron County
"1,203",Cleveland County
0,Coal County
391,Comanche County
0,Cotton County
0,Craig County
84,Creek County
102,Custer County
41,Delaware County
0,Dewey County
8,Ellis County
291,Garfield County
129,Garvin County
38,Grady County
1,Grant County
1,Greer County
8,Harmon County
18,Harper County
6,Haskell County
6,Hughes County
182,Jackson County
18,Jefferson County
1,Johnston County
114,Kay County
71,Kingfisher County
2,Kiowa County
0,Latimer County
74,Le Flore County
18,Lincoln County
61,Logan County
226,Love County
66,McClain County
87,McCurtain County
2,McIntosh County
18,Major County
74,Marshall County
37,Mayes County
8,Murray County
143,Muskogee County
12,Noble County
10,Nowata County
0,Okfuskee County
"9,731",Oklahoma County
27,Okmulgee County
82,Osage County
51,Ottawa County
11,Pawnee County
187,Payne County
18,Pittsburg County
39,Pontotoc County
48,Pottawatomie County
11,Pushmataha County
0,Roger Mills County
267,Rogers County
22,Seminole County
22,Sequoyah County
65,Stephens County
656,Texas County
6,Tillman County
"10,802",Tulsa County
434,Wagoner County
92,Washington County
15,Washita County
9,Woods County
48,Woodward County
6,Baker County
204,Benton County
"1,315",Clackamas County
220,Clatsop County
50,Columbia County
59,Coos County
19,Crook County
7,Curry County
715,Deschutes County
67,Douglas County
5,Gilliam County
0,Grant County
1,Harney County
206,Hood River County
749,Jackson County
173,Jefferson County
63,Josephine County
119,Klamath County
10,Lake County
"1,283",Lane County
179,Lincoln County
299,Linn County
303,Malheur County
"3,163",Marion County
131,Morrow County
"6,660",Multnomah County
189,Polk County
2,Sherman County
150,Tillamook County
914,Umatilla County
5,Union County
3,Wallowa County
105,Wasco County
"6,012",Washington County
0,Wheeler County
412,Yamhill County
207,Adams County
"6,487",Allegheny County
13,Armstrong County
494,Beaver County
19,Bedford County
"2,793",Berks County
43,Blair County
43,Bradford County
"3,372",Bucks County
290,Butler County
34,Cambria County
0,Cameron County
46,Carbon County
690,Centre County
"2,401",Chester County
12,Clarion County
412,Clearfield County
185,Clinton County
97,Columbia County
6,Crawford County
842,Cumberland County
"3,081",Dauphin County
"4,179",Delaware County
6,Elk County
144,Erie County
82,Fayette County
1,Forest County
"1,195",Franklin County
4,Fulton County
29,Greene County
13,Huntingdon County
19,Indiana County
5,Jefferson County
93,Juniata County
980,Lackawanna County
"2,458",Lancaster County
31,Lawrence County
664,Lebanon County
"2,890",Lehigh County
"1,912",Luzerne County
190,Lycoming County
1,McKean County
32,Mercer County
19,Mifflin County
622,Monroe County
"3,426",Montgomery County
11,Montour County
"1,799",Northampton County
140,Northumberland County
27,Perry County
"28,229",Philadelphia County
142,Pike County
0,Potter County
308,Schuylkill County
5,Snyder County
34,Somerset County
3,Sullivan County
70,Susquehanna County
2,Tioga County
102,Union County
24,Venango County
0,Warren County
979,Washington County
84,Wayne County
251,Westmoreland County
37,Wyoming County
"2,415",York County
47,Bristol County
230,Kent County
412,Newport County
"9,177",Providence County
94,Washington County
28,Abbeville County
861,Aiken County
15,Allendale County
"1,322",Anderson County
24,Bamberg County
47,Barnwell County
"3,662",Beaufort County
"4,239",Berkeley County
54,Calhoun County
"7,038",Charleston County
248,Cherokee County
84,Chester County
201,Chesterfield County
39,Clarendon County
193,Colleton County
157,Darlington County
78,Dillon County
"2,119",Dorchester County
84,Edgefield County
36,Fairfield County
280,Florence County
173,Georgetown County
"8,228",Greenville County
433,Greenwood County
85,Hampton County
"4,880",Horry County
"2,004",Jasper County
471,Kershaw County
627,Lancaster County
411,Laurens County
30,Lee County
"2,555",Lexington County
6,McCormick County
61,Marion County
28,Marlboro County
387,Newberry County
394,Oconee County
202,Orangeburg County
389,Pickens County
"2,219",Richland County
251,Saluda County
"2,845",Spartanburg County
302,Sumter County
37,Union County
25,Williamsburg County
"1,522",York County
29,Aurora County
362,Beadle County
0,Bennett County
0,Bon Homme County
148,Brookings County
195,Brown County
5,Brule County
0,Buffalo County
1,Butte County
0,Campbell County
2,Charles Mix County
37,Clark County
8,Clay County
112,Codington County
0,Corson County
2,Custer County
87,Davison County
5,Day County
10,Deuel County
0,Dewey County
5,Douglas County
6,Edmunds County
0,Fall River County
3,Faulk County
59,Grant County
0,Gregory County
0,Haakon County
61,Hamlin County
16,Hand County
6,Hanson County
1,Harding County
20,Hughes County
26,Hutchinson County
0,Hyde County
0,Jackson County
5,Jerauld County
0,Jones County
13,Kingsbury County
50,Lake County
12,Lawrence County
131,Lincoln County
0,Lyman County
10,McCook County
1,McPherson County
23,Marshall County
8,Meade County
0,Mellette County
3,Miner County
"1,332",Minnehaha County
78,Moody County
0,Oglala Lakota County
170,Pennington County
0,Perkins County
0,Potter County
25,Roberts County
0,Sanborn County
5,Spink County
0,Stanley County
0,Sully County
5,Todd County
7,Tripp County
28,Turner County
35,Union County
4,Walworth County
168,Yankton County
0,Ziebach County
351,Anderson County
780,Bedford County
7,Benton County
25,Bledsoe County
552,Blount County
"1,060",Bradley County
83,Campbell County
28,Cannon County
30,Carroll County
102,Carter County
132,Cheatham County
11,Chester County
8,Claiborne County
7,Clay County
106,Cocke County
314,Coffee County
84,Crockett County
133,Cumberland County
"19,055",Davidson County
6,Decatur County
73,DeKalb County
241,Dickson County
113,Dyer County
82,Fayette County
18,Fentress County
155,Franklin County
276,Gibson County
43,Giles County
46,Grainger County
175,Greene County
19,Grundy County
"1,316",Hamblen County
"3,561",Hamilton County
1,Hancock County
15,Hardeman County
50,Hardin County
53,Hawkins County
61,Haywood County
49,Henderson County
40,Henry County
27,Hickman County
5,Houston County
18,Humphreys County
24,Jackson County
309,Jefferson County
54,Johnson County
"4,158",Knox County
4,Lake County
47,Lauderdale County
71,Lawrence County
11,Lewis County
113,Lincoln County
542,Loudon County
112,McMinn County
21,McNairy County
107,Macon County
"1,366",Madison County
43,Marion County
163,Marshall County
688,Maury County
10,Meigs County
181,Monroe County
"1,080",Montgomery County
22,Moore County
11,Morgan County
107,Obion County
35,Overton County
11,Perry County
4,Pickett County
7,Polk County
457,Putnam County
175,Rhea County
145,Roane County
771,Robertson County
"7,980",Rutherford County
15,Scott County
70,Sequatchie County
"2,242",Sevier County
"15,277",Shelby County
41,Smith County
11,Stewart County
229,Sullivan County
"1,243",Sumner County
42,Tipton County
14,Trousdale County
33,Unicoi County
42,Union County
2,Van Buren County
169,Warren County
405,Washington County
7,Wayne County
34,Weakley County
38,White County
950,Williamson County
"1,269",Wilson County
134,Anderson County
49,Andrews County
227,Angelina County
39,Aransas County
8,Archer County
0,Armstrong County
256,Atascosa County
324,Austin County
140,Bailey County
53,Bandera County
"2,121",Bastrop County
0,Baylor County
23,Bee County
"1,923",Bell County
"35,501",Bexar County
56,Blanco County
0,Borden County
37,Bosque County
468,Bowie County
"1,189",Brazoria County
"1,031",Brazos County
18,Brewster County
0,Briscoe County
15,Brooks County
45,Brown County
51,Burleson County
619,Burnet County
843,Caldwell County
131,Calhoun County
9,Callahan County
"3,535",Cameron County
85,Camp County
1,Carson County
20,Cass County
109,Castro County
118,Chambers County
276,Cherokee County
7,Childress County
5,Clay County
48,Cochran County
0,Coke County
4,Coleman County
"17,436",Collin County
2,Collingsworth County
138,Colorado County
892,Comal County
49,Comanche County
16,Concho County
374,Cooke County
97,Coryell County
0,Cottle County
28,Crane County
6,Crockett County
1,Crosby County
3,Culberson County
167,Dallam County
"85,563",Dallas County
17,Dawson County
352,Deaf Smith County
6,Delta County
"23,056",Denton County
88,DeWitt County
3,Dickens County
6,Dimmit County
1,Donley County
3,Duval County
13,Eastland County
"1,886",Ector County
0,Edwards County
"1,290",Ellis County
"2,402",El Paso County
147,Erath County
69,Falls County
137,Fannin County
89,Fayette County
4,Fisher County
6,Floyd County
0,Foard County
"5,110",Fort Bend County
47,Franklin County
88,Freestone County
"1,731",Frio County
560,Gaines County
"1,020",Galveston County
34,Garza County
268,Gillespie County
5,Glasscock County
10,Goliad County
276,Gonzales County
67,Gray County
"1,093",Grayson County
713,Gregg County
119,Grimes County
"1,217",Guadalupe County
129,Hale County
3,Hall County
19,Hamilton County
59,Hansford County
12,Hardeman County
44,Hardin County
"69,309",Harris County
594,Harrison County
130,Hartley County
8,Haskell County
"2,792",Hays County
5,Hemphill County
313,Henderson County
"4,321",Hidalgo County
200,Hill County
33,Hockley County
633,Hood County
267,Hopkins County
28,Houston County
187,Howard County
4,Hudspeth County
"1,006",Hunt County
20,Hutchinson County
0,Irion County
65,Jack County
63,Jackson County
23,Jasper County
0,Jeff Davis County
"1,702",Jefferson County
1,Jim Hogg County
21,Jim Wells County
"1,740",Johnson County
"1,016",Jones County
761,Karnes County
"1,451",Kaufman County
481,Kendall County
1,Kenedy County
0,Kent County
323,Kerr County
11,Kimble County
0,King County
2,Kinney County
30,Kleberg County
11,Knox County
250,Lamar County
41,Lamb County
87,Lampasas County
21,La Salle County
81,Lavaca County
84,Lee County
33,Leon County
"1,160",Liberty County
174,Limestone County
42,Lipscomb County
8,Live Oak County
226,Llano County
5,Loving County
"1,130",Lubbock County
11,Lynn County
8,McCulloch County
"1,491",McLennan County
3,McMullen County
64,Madison County
12,Marion County
22,Martin County
13,Mason County
104,Matagorda County
65,Maverick County
195,Medina County
2,Menard County
"2,288",Midland County
97,Milam County
9,Mills County
2,Mitchell County
67,Montague County
"5,414",Montgomery County
595,Moore County
32,Morris County
0,Motley County
236,Nacogdoches County
410,Navarro County
3,Newton County
15,Nolan County
"1,337",Nueces County
43,Ochiltree County
5,Oldham County
164,Orange County
212,Palo Pinto County
47,Panola County
666,Parker County
192,Parmer County
8,Pecos County
"1,289",Polk County
"1,467",Potter County
4,Presidio County
31,Rains County
541,Randall County
57,Reagan County
3,Real County
48,Red River County
165,Reeves County
2,Refugio County
0,Roberts County
77,Robertson County
666,Rockwall County
8,Runnels County
371,Rusk County
0,Sabine County
5,San Augustine County
104,San Jacinto County
286,San Patricio County
34,San Saba County
4,Schleicher County
54,Scurry County
2,Shackelford County
68,Shelby County
18,Sherman County
"1,450",Smith County
35,Somervell County
118,Starr County
29,Stephens County
11,Sterling County
0,Stonewall County
12,Sutton County
21,Swisher County
"32,604",Tarrant County
528,Taylor County
0,Terrell County
75,Terry County
0,Throckmorton County
511,Titus County
273,Tom Green County
"39,110",Travis County
14,Trinity County
9,Tyler County
136,Upshur County
5,Upton County
29,Uvalde County
51,Val Verde County
217,Van Zandt County
409,Victoria County
432,Walker County
671,Waller County
56,Ward County
79,Washington County
"1,489",Webb County
218,Wharton County
16,Wheeler County
389,Wichita County
74,Wilbarger County
447,Willacy County
"9,380",Williamson County
225,Wilson County
109,Winkler County
314,Wise County
123,Wood County
108,Yoakum County
287,Young County
48,Zapata County
7,Zavala County
16,Beaver County
189,Box Elder County
934,Cache County
8,Carbon County
0,Daggett County
"2,922",Davis County
81,Duchesne County
1,Emery County
4,Garfield County
63,Grand County
116,Iron County
37,Juab County
18,Kane County
290,Millard County
5,Morgan County
11,Piute County
16,Rich County
"28,792",Salt Lake County
9,San Juan County
286,Sanpete County
57,Sevier County
565,Summit County
396,Tooele County
106,Uintah County
"8,408",Utah County
503,Wasatch County
"1,420",Washington County
5,Wayne County
"2,287",Weber County
18,Addison County
67,Bennington County
13,Caledonia County
378,Chittenden County
0,Essex County
61,Franklin County
0,Grand Isle County
48,Lamoille County
16,Orange County
18,Orleans County
45,Rutland County
79,Washington County
37,Windham County
61,Windsor County
406,Accomack County
578,Albemarle County
6,Alleghany County
24,Amelia County
28,Amherst County
16,Appomattox County
"2,204",Arlington County
139,Augusta County
2,Bath County
0,Bedford County
2,Bland County
69,Botetourt County
5,Brunswick County
1,Buchanan County
39,Buckingham County
129,Campbell County
295,Caroline County
76,Carroll County
2,Charles City County
6,Charlotte County
"3,359",Chesterfield County
35,Clarke County
1,Craig County
581,Culpeper County
116,Cumberland County
0,Dickenson County
91,Dinwiddie County
4,Essex County
"11,374",Fairfax County
327,Fauquier County
33,Floyd County
54,Fluvanna County
57,Franklin County
490,Frederick County
3,Giles County
24,Gloucester County
37,Goochland County
40,Grayson County
60,Greene County
31,Greensville County
18,Halifax County
204,Hanover County
"2,946",Henrico County
196,Henry County
0,Highland County
26,Isle of Wight County
253,James City County
2,King and Queen County
12,King George County
19,King William County
6,Lancaster County
6,Lee County
"3,092",Loudoun County
43,Louisa County
36,Lunenburg County
32,Madison County
9,Mathews County
43,Mecklenburg County
11,Middlesex County
157,Montgomery County
23,Nelson County
6,New Kent County
23,Northampton County
17,Northumberland County
22,Nottoway County
70,Orange County
19,Page County
9,Patrick County
71,Pittsylvania County
29,Powhatan County
401,Prince Edward County
90,Prince George County
"5,885",Prince William County
21,Pulaski County
6,Rappahannock County
12,Richmond County
358,Roanoke County
37,Rockbridge County
605,Rockingham County
1,Russell County
8,Scott County
126,Shenandoah County
18,Smyth County
8,Southampton County
945,Spotsylvania County
827,Stafford County
3,Surry County
4,Sussex County
4,Tazewell County
85,Warren County
55,Washington County
17,Westmoreland County
3,Wise County
21,Wythe County
115,York County
"2,588",Alexandria city
37,Bristol city
20,Buena Vista city
216,Charlottesville city
537,Chesapeake city
90,Colonial Heights city
3,Covington city
135,Danville city
17,Emporia city
164,Fairfax city
141,Falls Church city
6,Franklin city
253,Fredericksburg city
37,Galax city
224,Hampton city
975,Harrisonburg city
73,Hopewell city
14,Lexington city
255,Lynchburg city
"1,046",Manassas city
420,Manassas Park city
41,Martinsville city
862,Newport News city
"1,052",Norfolk city
1,Norton city
195,Petersburg city
10,Poquoson city
174,Portsmouth city
20,Radford city
"3,158",Richmond city
"1,028",Roanoke city
61,Salem city
43,Staunton city
84,Suffolk city
"1,037",Virginia Beach city
105,Waynesboro city
93,Williamsburg city
456,Winchester city
416,Adams County
15,Asotin County
"1,538",Benton County
653,Chelan County
77,Clallam County
"2,568",Clark County
11,Columbia County
355,Cowlitz County
425,Douglas County
3,Ferry County
"1,787",Franklin County
2,Garfield County
"1,360",Grant County
283,Grays Harbor County
39,Island County
34,Jefferson County
"23,310",King County
658,Kitsap County
92,Kittitas County
43,Klickitat County
331,Lewis County
3,Lincoln County
659,Mason County
179,Okanogan County
51,Pacific County
8,Pend Oreille County
"5,187",Pierce County
30,San Juan County
515,Skagit County
14,Skamania County
"6,212",Snohomish County
"1,136",Spokane County
11,Stevens County
643,Thurston County
1,Wahkiakum County
224,Walla Walla County
989,Whatcom County
51,Whitman County
"3,957",Yakima County
0,Barbour County
276,Berkeley County
3,Boone County
2,Braxton County
1,Brooke County
30,Cabell County
0,Calhoun County
0,Clay County
0,Doddridge County
4,Fayette County
0,Gilmer County
1,Grant County
37,Greenbrier County
6,Hampshire County
4,Hancock County
83,Hardy County
42,Harrison County
5,Jackson County
126,Jefferson County
51,Kanawha County
3,Lewis County
0,Lincoln County
4,Logan County
0,McDowell County
5,Marion County
9,Marshall County
3,Mason County
32,Mercer County
11,Mineral County
0,Mingo County
99,Monongalia County
6,Monroe County
3,Morgan County
0,Nicholas County
4,Ohio County
0,Pendleton County
0,Pleasants County
0,Pocahontas County
0,Preston County
8,Putnam County
14,Raleigh County
23,Randolph County
0,Ritchie County
0,Roane County
0,Summers County
1,Taylor County
0,Tucker County
0,Tyler County
7,Upshur County
5,Wayne County
0,Webster County
0,Wetzel County
0,Wirt County
52,Wood County
0,Wyoming County
120,Adams County
41,Ashland County
95,Barron County
12,Bayfield County
"2,248",Brown County
31,Buffalo County
5,Burnett County
280,Calumet County
80,Chippewa County
271,Clark County
231,Columbia County
26,Crawford County
"5,957",Dane County
556,Dodge County
108,Door County
10,Douglas County
51,Dunn County
136,Eau Claire County
0,Florence County
985,Fond du Lac County
0,Forest County
167,Grant County
140,Green County
27,Green Lake County
61,Iowa County
4,Iron County
16,Jackson County
593,Jefferson County
80,Juneau County
"1,131",Kenosha County
188,Kewaunee County
140,La Crosse County
189,Lafayette County
30,Langlade County
25,Lincoln County
682,Manitowoc County
359,Marathon County
75,Marinette County
40,Marquette County
2,Menominee County
"9,252",Milwaukee County
213,Monroe County
61,Oconto County
23,Oneida County
641,Outagamie County
137,Ozaukee County
4,Pepin County
63,Pierce County
17,Polk County
156,Portage County
11,Price County
905,Racine County
87,Richland County
866,Rock County
4,Rusk County
200,St. Croix County
589,Sauk County
7,Sawyer County
95,Shawano County
530,Sheboygan County
72,Taylor County
223,Trempealeau County
23,Vernon County
13,Vilas County
566,Walworth County
1,Washburn County
199,Washington County
824,Waukesha County
340,Waupaca County
64,Waushara County
375,Winnebago County
192,Wood County
19,Albany County
8,Big Horn County
130,Campbell County
93,Carbon County
39,Converse County
0,Crook County
5,Fremont County
1,Goshen County
0,Hot Springs County
3,Johnson County
192,Laramie County
54,Lincoln County
101,Natrona County
0,Niobrara County
25,Park County
34,Platte County
43,Sheridan County
33,Sublette County
239,Sweetwater County
131,Teton County
75,Uinta County
18,Washakie County
0,Weston County
0,Adjuntas Municipio
0,Aguada Municipio
0,Aguadilla Municipio
0,Aguas Buenas Municipio
0,Aibonito Municipio
0,A√±asco Municipio
0,Arecibo Municipio
0,Arroyo Municipio
0,Barceloneta Municipio
0,Barranquitas Municipio
0,Bayam√≥n Municipio
0,Cabo Rojo Municipio
0,Caguas Municipio
0,Camuy Municipio
0,Can√≥vanas Municipio
0,Carolina Municipio
0,Cata√±o Municipio
0,Cayey Municipio
0,Ceiba Municipio
0,Ciales Municipio
0,Cidra Municipio
0,Coamo Municipio
0,Comer√≠o Municipio
0,Corozal Municipio
0,Culebra Municipio
0,Dorado Municipio
0,Fajardo Municipio
0,Florida Municipio
0,Gu√°nica Municipio
0,Guayama Municipio
0,Guayanilla Municipio
0,Guaynabo Municipio
0,Gurabo Municipio
0,Hatillo Municipio
0,Hormigueros Municipio
0,Humacao Municipio
0,Isabela Municipio
0,Jayuya Municipio
0,Juana D√≠az Municipio
0,Juncos Municipio
0,Lajas Municipio
0,Lares Municipio
0,Las Mar√≠as Municipio
0,Las Piedras Municipio
0,Lo√≠za Municipio
0,Luquillo Municipio
0,Manat√≠ Municipio
0,Maricao Municipio
0,Maunabo Municipio
0,Mayag√ºez Municipio
0,Moca Municipio
0,Morovis Municipio
0,Naguabo Municipio
0,Naranjito Municipio
0,Orocovis Municipio
0,Patillas Municipio
0,Pe√±uelas Municipio
0,Ponce Municipio
0,Quebradillas Municipio
0,Rinc√≥n Municipio
0,R√≠o Grande Municipio
0,Sabana Grande Municipio
0,Salinas Municipio
0,San Germ√°n Municipio
0,San Juan Municipio
0,San Lorenzo Municipio
0,San Sebasti√°n Municipio
0,Santa Isabel Municipio
0,Toa Alta Municipio
0,Toa Baja Municipio
0,Trujillo Alto Municipio
0,Utuado Municipio
0,Vega Alta Municipio
0,Vega Baja Municipio
0,Vieques Municipio
0,Villalba Municipio
0,Yabucoa Municipio
0,Yauco Municipio
